datum,datum_iso,popis
23.3.2023,2023-03-23,"3. konference Prázdných domů s podtitulem Prázdné domy na bojišti, zaměřená na vojenské objekty"
31.12.2022,2022-12-31,3700 fanoušků na našem instagramovém účtu
31.12.2022,2022-12-31,7200 fanoušků na skupině Prázdnédomy.cz - Debatní studna
31.12.2022,2022-12-31,40000 fanoušků na hlavní facebookové stránce
19.9.2022,2022-09-19,darovali jsme VIP vycházku do dobročinné dražby pořádané spolkem Dobré víly dětem
14.9.2022,2022-09-14,bohoslužba a grilování u kaple Panny Marie Bolestné
08.9.2022,2022-09-08,zahájení prodeje limitované edice prvního kalendáře Prázdných domů a Tomski&Polanski
17.5.2022,2022-05-17,brigáda u kaple Panny Marie Bolestné
23.04.2022,2022-04-23,"4. výlet Prázdných domů, tentokrát za vojenskou historií do Terezína a okolí"
07.04.2022,2022-04-07,opravena lucerna na hrobě Oldřicha Tyla
30.12.2021,2021-12-30,"setkání u kapličky a ""novoroční"" přípitek"
23.12.2021,2021-12-23,opravena střecha kaple pod Barrandovem
22.10.2021,2021-10-22,"konference Prázdné domy na vedlejší koleji, aneb prázdná nádraží jako příležitost"
20.06.2021,2021-06-20,byli jsme zařazeni do soutěže financování památek Máme vyhráno
13.06.2021,2021-06-13,kauza ohledně možné demolice unikátní Benešovy vily hýbe Prahou a to i díky našemu Petrovi Zemanovi
28.05.2021,2021-05-28,brigáda u kaple Panny Marie Bolestné pod Barrandovem
27.05.2021,2021-05-27,zastupitelstvo HMP schválilo přidělení dotace na opravu kaple 130 000 Kč
08.04.2021,2021-04-08,7000 objektů v databázi
01.04.2021,2021-04-01,první on-line vycházka
28.02.2021,2021-02-28,37000 fanoušků na hlavní facebookové stránce
09.01.2021,2021-01-09,36000 fanoušků na hlavní facebookové stránce
03.01.2021,2021-01-03,35000 fanoušků na hlavní facebookové stránce
03.01.2021,2021-01-03,"rekordní příspěvek, 210 tis. shlédnutí, 542 sdílení, 2400 reakcí"
28.12.2020,2020-12-28,vánoční setkání spolku u kapličky Panny Marie Bolestné
30.10.2020,2020-10-30,podaná žádost na MHMP o grant na kapli Panny Marie Bolestné
22.09.2020,2020-09-22,vycházka Poděbrady
25.08.2020,2020-08-25,brigáda u kaple Panny Marie Bolestné
10.08.2020,2020-08-10,6000 objektů v databázi
19.07.2020,2020-07-19,3.výlet Prázdných domů na sever Čech
06.06.2020,2020-06-06,33000 fanoušků na hlavní facebookové stránce
01.03.2020,2020-03-01,vycházky do května zrušené kvůli koronaviru
27.02.2020,2020-02-27,32000 fanoušků na hlavní facebookové stránce
15.02.2020,2020-02-15,benefiční vycházka s Petrem Kučerou po Vyšehradě
07.02.2020,2020-02-07,5000 objektů v databázi
01.02.2020,2020-02-01,první mimopražská vycházka
11.01.2020,2020-01-11,brigáda u kaple Panny Marie Bolestné s Trash Hero a spolkem Darwin
15.12.2019,2019-12-15,31000 fanoušků na hlavní facebookové stránce
02.12.2019,2019-12-02,vánoční večírek Prázdných domů a jejich fanoušků v Café Jedna
14.11.2019,2019-11-14,zveřejněno umístění sochy v kapli s textem Karla Müllera
18.10.2019,2019-10-18,první konference na téma Prázdné domy jako příležitost
30.09.2019,2019-09-30,do kaple Panny Marie Bolestné umístěna socha od Anny Krninské
28.09.2019,2019-09-28,2.výlet Prázdných domůsměr Rožmitál pod Třemšínem a okolí
28.09.2019,2019-09-28,30000 fanoušků na hlavní facebookové stránce
22.09.2019,2019-09-22,bohoslužba s požehnáním kaple Panny Marie Bolestné a piknik s fanoušky
21.09.2019,2019-09-21,požehnání Božích muk ve Vrbici
13.09.2019,2019-09-13,získání grantu na 1. konferenci Prázdných domů od Nadace Via
13.08.2019,2019-08-13,1. brigáda u nově pronajaté kaple Panny Marie Bolestné
29.06.2019,2019-06-29,sundali jsme plachtu z kaple Panny Marie Bolestné
22.06.2019,2019-06-22,"máme klíče od kaple Panny Marie Bolestné, byli jsme poprvé vevnitř"
07.05.2019,2019-05-07,otevřena Invalidovna veřejnosti
04.05.2019,2019-05-04,1. výlet Prázdných domů Vrbice a Žatec
03.05.2019,2019-05-03,přidána nové funkce na webu - architekti
21.04.2019,2019-04-21,29000 fanoušků na hlavní facebookové stránce
11.04.2019,2019-04-11,vyčištěna plastika od Ladislava Kovaříka v pražských Kobylisích
29.03.2019,2019-03-29,4000 objektů v databázi
24.03.2019,2019-03-24,4 roky webu
22.01.2019,2019-01-22,700 odběratelů newsletteru
09.01.2019,2019-01-09,"na webu je možné citovat z knih, přidány mapy.cz panorama atd."
10.01.2019,2019-01-10,vycházka na Barrandov vyprodaná po 15 minutách
05.01.2019,2019-01-05,28000 fanoušků na hlavní facebookové stránce
14.12.2018,2018-12-14,rekordní příspěvek na hlavní facebookové stránce s dosahem více než 1600 reakcí
06.12.2018,2018-12-06,27000 fanoušků na hlavní facebookové stránce
24.10.2018,2018-10-24,Petr Zeman přichází s nápadem opravit boží muka ve Vrbici
30.09.2018,2018-09-30,26000 fanoušků na hlavní facebookové stránce
20.09.2018,2018-09-20,1000 sledujících na Instagramu
30.08.2018,2018-08-30,budeme spolupracovat na kulturně-kreativním centru na Invalidovně
18.07.2018,2018-07-18,"na webu se poprvé objevují statistiky, citace, domy k záchraně"
27.06.2018,2018-06-27,opravujeme hrob Jana Kotěry
12.06.2018,2018-06-12,3000 domů v databázi
03.06.2018,2018-06-03,pozlacení hrobu Čeňka Vosmíka
31.05.2018,2018-05-31,účastníme se akce Zažij kreativní centrum
26.05.2018,2018-05-26,25000 fanoušků na hlavní facebookové stránce
18.04.2018,2018-04-18,adopce hrobu rodiny Kotěrů na Olšanských hřbitovech
05.04.2018,2018-04-05,24000 fanoušků na hlavní facebookové stránce
02.04.2018,2018-04-02,10000 obrázků v databázi
28.03.2018,2018-03-28,dar Armádě spásy
18.03.2018,2018-03-18,dar Přestupní stanici
13.03.2018,2018-03-13,zahajujeme akci Mínus DOMOV
09.02.2018,2018-02-09,23000 fanoušků na hlavní facebookové stránce
21.12.2017,2017-12-21,přidáváme novinku - dárkové poukazy na vycházky
08.12.2017,2017-12-08,vybíráme příspěvky na opravu teserr z unikátní mozaiky na kapli Panny Marie Bolestné
07.12.2017,2017-12-07,vánoční večírek Prázdných domů s fanoušky
21.11.2017,2017-11-21,získali jsme 3.místo v soutěži Společně otevíráme data
17.11.2017,2017-11-17,spolupráce s iniciativou Prázdné pozemky
10.11.2017,2017-11-10,2000 domů v databázi
16.10.2017,2017-10-16,adopce hrobu Čeňka Vosmíka
11.10.2017,2017-10-11,spolupráce s festivalem 4+4 dny v pohybu
06.10.2017,2017-10-06,"otevřeno PKC, debata v CAMPu, workshop na téma využití prázdných domů"
29.09.2017,2017-09-29,účastníme se PechaKucha ve Strakonicích
05.09.2017,2017-09-05,2000 obrázků v databázi
17.08.2017,2017-08-17,1000 obrázků v databázi
31.07.2017,2017-07-31,dar kostelu sv. Víta v Zahrádce u Ledče
27.07.2017,2017-07-27,20000 fanoušků na hlavní facebookové stránce
18.07.2017,2017-07-18,v rámci vycházky poprvé otevíráme celý prázdný dům
13.07.2017,2017-07-13,1000 členů ve facebookové skupině Prázdnédomy.cz - Debatní studna
13.06.2017,2017-06-13,Mazutka žije - sousedská slavnost
08.05.2017,2017-05-08,pomáháme s brigádou ve Vrbicích
31.04.2017,31.04.2017,vycházka se studenty účastnících se programu Divná místa
30.04.2017,2017-04-30,Prázdné domy adoptují okno opravovaného kostela ve Vrbicích
22.04.2017,2017-04-22,účast v panelu konference Apriles
20.04.2017,2017-04-20,organizujeme rozloučení s VN47
01.04.2017,2017-04-01,spolupráce s A489 a Klubem za starou Prahu na akci SOS Transgas
27.03.2017,2017-03-27,"""Ne mluvte s námi"" - účast u kulatých stolů v rámci startování programu City Makers"
17.03.2017,2017-03-17,18000 fanoušků na hlavní facebookové stránce
27.02.2017,2017-02-27,máme přednášku s prezentací v Klubu za starou Prahu
25.02.2017,2017-02-25,účastníme se první PechaKucha tentokrát v Humpolci
21.01.2017,2017-01-21,"vycházka, při které poprvé otevíráme prázdný dům"
14.01.2017,2017-01-14,17000 fanoušků na hlavní facebookové stránce a 1500 objektů v databázi
05.01.2017,2017-01-05,"rekordní příspěvek na hlavní facebookové stránce, 80 tis. shlédnutí"
27.11.2016,2016-11-27,zakládáme Instagram účet
25.11.2016,2016-11-25,zakládáme YouTube kanál
17.11.2016,2016-11-17,přednáška na Gymnáziu Jana Keplera
24.10.2016,2016-10-24,zapsán spolek Prázdné domy z.s.
26.08.2016,2016-08-26,první vycházka po prázdných domech
25.08.2016,2016-08-25,15000 fanoušků na hlavní facebookové stránce
20.08.2016,2016-08-20,"na webu se poprvé objevuje ""dopis pro sousedy"""
10.07.2016,2016-07-10,pořádáme první spanilou jízdu
24.05.2016,2016-05-24,první díl seriálu s RTV zveřejněn
03.05.2016,2016-05-03,1000 domů v databázi
12.04.2016,2016-04-12,získáváme cenu v soutěži Média na pomoc památkám
19.02.2016,2016-02-19,10000 fanoušků na hlavní facebookové stránce
17.02.2016,2016-02-17,"rekordní příspěvek, 150 tis. shlédnutí"
15.02.2016,2016-02-15,založena facebooková skupina Prázdnédomy.cz - Debatní studna
07.02.2016,2016-02-07,500 domů v databázi
30.01.2016,2016-01-30,všímá si nás Adam Gebrian
17.10.2015,2015-10-17,4000 fanoušků na hlavní facebookové stránce
19.08.2015,2015-08-19,spuštění nové podoby webu
20.07.2015,2015-07-20,v databázi je 268 objektů
11.04.2015,2015-04-11,mapa Prahy s vyznačenými prázdnými domy
25.03.2015,2015-03-25,první článek o Prázdných domech
24.03.2015,2015-03-24,spuštěn web www.prazdnedomy.cz
11.01.2015,2015-01-11,první úvahy o založení webu a hlavní facebookové skupiny na téma prázdných domů
28.12.2014,2014-12-28,registrace domény www.prazdnedomy.cz
